year,month,month_name,net_revenue,net_profit,transaction_count,negative_quantity_rows,profit_margin_pct
2024,1,January,1295511.63,290765.27,1088,1,22.44
2024,2,February,1170188.17,268685.24,982,1,22.96
2024,3,March,1235212.11,289688.46,1034,1,23.45
2024,4,April,1192937.39,272696.69,1028,1,22.86
2024,5,May,1249705.29,289065.75,1051,0,23.13
2024,6,June,1258669.16,290214.24,1062,1,23.06
2024,7,July,1218141.58,276773.75,1041,1,22.72
2024,8,August,1257049.92,291880.47,1076,3,23.22
2024,9,September,1204932.74,277245.07,1026,0,23.01
2024,10,October,1248444.5,284438.54,1059,0,22.78
2024,11,November,1188776.61,266381.05,1013,0,22.41
2024,12,December,1191710.7,277577.82,1012,1,23.29
2025,1,January,1273828.03,294558.7,1069,0,23.12
2025,2,February,1087205.96,245882.1,939,1,22.62
2025,3,March,1262379.83,284510.47,1059,0,22.54
2025,4,April,1191297.24,260084.45,1050,0,21.83
2025,5,May,1255092.22,286971.13,1095,1,22.86
2025,6,June,1168423.3,273839.17,1026,0,23.44
2025,7,July,1274356.05,285988.26,1074,1,22.44
2025,8,August,1258982.21,302862.92,1021,0,24.06
2025,9,September,1185391.12,276913.49,987,1,23.36
2025,10,October,1247600.36,290284.93,1028,0,23.27
2025,11,November,1242464.07,278525.13,1067,1,22.42
2025,12,December,1327073.64,300783.36,1103,0,22.67
